{"loss": [1.4810584783554077, 0.45928072929382324, 0.26632171869277954, 0.18694505095481873, 0.13911156356334686, 0.10877448320388794, 0.08902642130851746, 0.0728902518749237, 0.06282176822423935, 0.05780360475182533], "accuracy": [0.5654740929603577, 0.8534746170043945, 0.9129241108894348, 0.9384593367576599, 0.9548189640045166, 0.9650757312774658, 0.9708229899406433, 0.9763994812965393, 0.9795433282852173, 0.9811366200447083], "val_loss": [0.6097018122673035, 0.27101853489875793, 0.19242076575756073, 0.24269551038742065, 0.1405860334634781, 0.12621577084064484, 0.14855052530765533, 0.16866593062877655, 0.16694985330104828, 0.09679169207811356], "val_accuracy": [0.8069656491279602, 0.9158889055252075, 0.9366036653518677, 0.9214659929275513, 0.9554404616355896, 0.9602777361869812, 0.9568631649017334, 0.9552697539329529, 0.9518552422523499, 0.9709765315055847]}